,l_m_without_outliers,NormalizedGoogleDif2,intercept,Bias2
Glasmacher,17.5054582097,0.982474675284,1,0
Fachapotheker,83.8102088662,0.315453384419,1,0
Thermometermacher,21.9696969697,0.80412371134,1,0
Pädagoge,74.5593544277,0.00361010830325,1,0
Vergolder,12.6353874883,0.789819376026,1,0
Pharmazieingenieur,26.7838353922,0.0698466780239,1,0
Personalreferent,66.3964145433,0.441002949853,1,0
Betriebswirt,44.2377678932,0.59266802444,1,0
Küchenchef,18.02864773,0.911652703732,1,0
Komparse,41.5165165165,0.646464646465,1,0
Filmvorführer,16.156507852,0.823564239195,1,0
Chemielaborant,59.1680426246,0.673405909798,1,0
Listbroker,60.5296610169,0.993355481728,1,0
Musikalienhändler,33.5901386749,0.86395286556,1,0
Holzmechaniker,6.89245395128,0.892493638677,1,0
Polster- und Dekorationsnäher,54.8604292327,0.747652102899,1,0
Mediengestalter,50.1462693284,0.699819168174,1,0
Assistenzarzt,63.8102442187,0.47355163728,1,0
Bankkaufmann,59.7982510844,0.505131128848,1,0
Hotelmeister,66.5682062299,0.560857258391,1,0
Fondsmanager,44.3380220021,0.960018382353,1,0
Prior,62.5711035267,0.997362525282,1,0
Beleuchter,12.5905136121,0.903801298619,1,0
Lebensmittelkontrolleur,35.3913466213,0.807817589577,1,0
Biologe,64.447695684,0.230610134436,1,0
Maurer,0.209680237638,0.997601519264,1,0
Aufbereitungsmechaniker,4.23446184942,0.776173285199,1,0
Edelsteingraveur,60.9995903318,0.764705882353,1,0
Winzer,18.034026465,0.953348382242,1,0
Missionar,67.8608515057,0.896463352127,1,0
Heizer,12.501779731,0.994297010304,1,0
Tunnelwärter,2.21180663155,0.98904109589,1,0
Hafenschiffer,5.69221386461,0.792642140468,1,0
Werkzeugmechaniker,3.10172465159,0.90332326284,1,0
Industriekeramiker Modelltechnik,16.735966736,0.539033457249,1,0
Revolverdreher,2.73770282356,0.890909090909,1,0
Pressesprecher,65.267451247,0.471428571429,1,0
Notenstecher,50.1462693284,0.906896551724,1,0
Geologe,30.4119850187,0.7056,1,0
Manager,21.1018907961,0.995921378054,1,0
Pflasterer,0.528109028961,0.916763740337,1,0
Graveur,26.9543973941,0.997813925128,1,0
Kopfschlächter,13.9570504204,0.993055555556,1,0
Hausmeister,6.86331637035,0.934512608205,1,0
Ordensbruder,62.5711035267,-0.476293103448,1,0
Porzellanmaler,75.4844144903,0.659050966608,1,0
Fahrlehrer,13.4048438238,0.884644573741,1,0
Einkäufer,49.0421123053,0.865021770682,1,0
Operationstechnischer Assistent,77.7285201604,0.282336578581,1,0
Strohdecker,0.400729968205,0.872146118721,1,0
Requisiteur,64.7788736876,0.413373860182,1,0
Berg- und Maschinenmann,7.26492128967,0.933415536375,1,0
Animateur,67.550274223,0.991900338953,1,0
Packmitteltechnologe,17.5711352303,0.851936740775,1,0
Fußballtrainer,7.80452224654,0.966685033696,1,0
Rohrleitungsbauer,0.269944765148,0.923404255319,1,0
Tischler,3.90146033877,0.980405731428,1,0
Technischer Redakteur,50.5608415413,0.694915254237,1,0
Psychoanalytiker,78.1458251666,0.569985569986,1,0
Reaktorfahrer,6.16331126919,0.967611336032,1,0
Betriebssanitäter,21.3708058503,0.958077709611,1,0
Forstwirt,5.09963399756,0.873268058378,1,0
Religionslehrer,77.6637554585,0.459807073955,1,0
Weinhandelsküfer,12.1335504886,0.822222222222,1,0
Büroleiter,70.9926383282,0.354166666667,1,0
Rettungsassistent,21.3708058503,0.750595710882,1,0
Dokumentar,62.5742942051,0.977669970521,1,0
Messerschmied,3.10172465159,0.980669932477,1,0
Informationstechnischer Assistent,11.4381605553,0.856209150327,1,0
Handelsvertreter,34.1969853683,0.941627504328,1,0
Korbmacher,59.0717299578,0.944076770351,1,0
Hochbaufacharbeiter,2.24141793831,0.906492648274,1,0
Physiotherapeut,77.4982405505,0.601907032181,1,0
Knecht,21.5765899789,0.343664539654,1,0
Elektroingenieur,25.5998730188,0.958571945586,1,0
Lichtgestalter,12.5905136121,0.931875953228,1,0
Stuckateur,0.919488674591,0.980335905078,1,0
Drechsler,60.4,0.992335789351,1,0
Buchbinder,36.6999465145,0.955292501189,1,0
Berufskraftfahrer,1.7043032114,0.950682738959,1,0
Humorist,54.5454545455,0.990159359624,1,0
Drehbuchautor,47.7832512315,0.642512077295,1,0
Rechtspfleger,93.3804860355,0.579250720461,1,0
Müller,3.44827586207,0.992671579727,1,0
Landschaftsarchitekt,13.8494826824,0.556085918854,1,0
Süßwarentechnologe,57.6938758868,0.736162361624,1,0
Hörgeräteakustiker,66.1900571931,0.951318458418,1,0
Direktor,62.9975429975,0.998790700297,1,0
Fachzahnarzt,66.0346097202,0.388601036269,1,0
Bauchredner,30.9090909091,0.959588921791,1,0
Pfarrer,30.0088759784,0.789401238816,1,0
Fachmann,71.6330078909,0.781443298969,1,0
Werkfeuerwehrmann,3.44094865995,0.798816568047,1,0
Technischer Produktdesigner,55.2902652383,0.816911250874,1,0
Fraud-Analyst,16.5119285462,0.998173992435,1,0
Kunstschmied,14.0532544379,0.969464269582,1,0
Dachdecker,0.400729968205,0.993338054397,1,0
Fotomedienlaborant,57.881773399,0.339285714286,1,0
Förster,5.09963399756,0.977981538839,1,0
Prozessleitelektroniker,6.35842667361,0.92007992008,1,0
Baumeister,22.5084770306,0.988150098749,1,0
Lektor,72.8127671701,0.937646356582,1,0
Kanalsteurer,5.69221386461,0.988439306358,1,0
Informatiker,16.2154269235,0.877667140825,1,0
Musikfachhändler,33.5901386749,0.817338896616,1,0
Physiklaborant,32.4723846654,0.702127659574,1,0
Schnellzeichner,48.7741935484,0.9456625838,1,0
Betriebsinformatiker,25.5314765985,0.820971867008,1,0
Dekorationsmalerei,70.9736680955,0.957446808511,1,0
Expedient,37.0142226858,0.996801462189,1,0
Zahnarzt,66.0346097202,0.812807881773,1,0
Strahlenschutzbeauftragter,8.21409644939,0.133220910624,1,0
Zinngießer,4.20514511873,0.976265439574,1,0
Fluglotse,30.8085212408,0.791798107256,1,0
Automatenfachmann,31.1041666667,0.81365221724,1,0
Schiffbauingenieur,6.19822907741,0.948618516723,1,0
Amtsanwalt,93.3804860355,0.408966148216,1,0
Holztechniker,11.5013019049,0.915865151074,1,0
Kupferschmied,3.29425467804,0.979742173112,1,0
Stationsarzt,57.2999620781,0.544172234595,1,0
Kfz-Mechatroniker,3.97341840672,0.940639269406,1,0
Schalungsbauer,0.723795907426,0.669595782074,1,0
Straßenreiniger,6.25302705321,0.926174496644,1,0
Immobilienmakler,57.0449103969,0.924528301887,1,0
Privatdozent,42.812488391,0.75797579758,1,0
Sport- und Fitnesskaufmann,45.0848688391,0.472527472527,1,0
Technischer Modellbauer,10.0019805902,0.793977812995,1,0
Reprograf,50.1462693284,0.933848104183,1,0
Tourismuskaufmann,82.1267850182,0.0564459930314,1,0
Spielzeughersteller,60.4,0.98553583169,1,0
Offizier,43.2896890344,0.967968177536,1,0
Journalist,50.5608415413,0.948460087995,1,0
Zusteller,47.8940392206,0.985839233653,1,0
Kraftwerker,6.16331126919,0.964579901153,1,0
Landwirt,21.5765899789,0.947547353084,1,0
Restaurantfachmann,65.2648305355,0.179874213836,1,0
Holzspielzeugmacher,60.4,0.924603174603,1,0
Friseur,91.9347511287,0.907918968692,1,0
Umweltschutztechnischer Assistent,31.4682116176,0.336617405583,1,0
Edelsteinschleifer,60.9995903318,0.835016835017,1,0
Bäcker,29.4110759864,0.957005189029,1,0
Konstruktionsmechaniker,2.2858399983,0.928934010152,1,0
Erntehelfer,21.5765899789,0.915119363395,1,0
Unternehmensberater,26.911058483,0.893772893773,1,0
Maschinenführer,12.501779731,0.942365865308,1,0
Synchronsprecher,44.0665569574,0.682242990654,1,0
Beschließerin,93.6919095072,-0.320905459387,1,1
Diätkoch,56.8326947637,0.485645933014,1,0
Medienkaufmann Digital und Print,65.0971858153,0.212636695018,1,0
Futtermeister,31.1584553928,0.904761904762,1,0
Industrieelektriker,4.9236883504,0.94282984314,1,0
Fleischer,13.9570504204,0.996963680953,1,0
Arbeitsvermittler,66.3964145433,0.645133505599,1,0
Technischer Fachwirt,62.1600224791,0.841029832448,1,0
Flachglasmechaniker,22.984008166,0.887076537014,1,0
Sportfachmann,45.0848688391,0.433778857837,1,0
Videojournalist,50.5608415413,0.991355705913,1,0
Funker,45.3608247423,0.997006774743,1,0
Estrichleger,0.557103064067,0.984324740633,1,0
Imker,28.5714285714,0.938721204288,1,0
Zerspanungsmechaniker,2.73770282356,0.939355653822,1,0
Yogalehrer,57.8800147221,0.0520547945205,1,0
Architekt,46.4820056611,0.880341880342,1,0
Archivar,67.26062468,0.955154057106,1,0
Feuerungs- und Schornsteinbauer,1.2849391531,0.870229007634,1,0
Produktionstechnologe,15.718731148,0.770966368668,1,0
Gerätezusammensetzer,21.0325537037,0.890025575448,1,0
Beleghebamme,99.8431372549,-0.993448107618,1,1
Tanzlehrer,67.9136690647,0.406369426752,1,0
Industriekaufmann,62.1600224791,0.29392971246,1,0
Butler,93.6919095072,0.999683383464,1,0
Trockenbaumonteur,1.37884208602,0.925013989927,1,0
Luftverkehrskaufmann,35.0604490501,0.370473537604,1,0
Patentingenieur,19.2801844836,0.819641423602,1,0
Qualitätsfachmann,27.7924731183,0.770956316411,1,0
Softwareentwickler,12.3967931919,0.991208626066,1,0
Schiffszimmerer,1.21315420092,0.930215293244,1,0
Fachverkäufer im Lebensmittelhandwerk (Fleischerei),92.3912445691,0.385579937304,1,0
Holzblasinstrumentenmacher,29.4294294294,0.845556095192,1,0
Pilot,6.46539170954,0.996156162101,1,0
Polier,1.0979692033,0.988797051472,1,0
Sattler,48.3291210334,0.985128027568,1,0
Bootsführer,5.69221386461,0.969955428383,1,0
Haushälterin,93.6919095072,-0.807228915663,1,1
Maschinenzusammensetzer,21.0325537037,0.862567811935,1,0
Büromaschinenmechaniker,11.4381605553,0.910313901345,1,0
Bautechniker,22.5084770306,0.898734177215,1,0
Datentechnischer Assistent,11.4381605553,0.652173913043,1,0
Pharmareferent,57.8807706289,0.374722838137,1,0
Facharzt,54.1590254126,0.548856548857,1,0
Platzwart,7.74886392866,0.98976001553,1,0
Sozialmanager,86.944437789,0.199255121043,1,0
Augenoptiker,76.7466540888,0.954359274429,1,0
Apotheker,83.8102088662,0.785195936139,1,0
Historiker,49.6703296703,0.832309360318,1,0
Büroinformationselektroniker,11.4381605553,0.953818827709,1,0
Medienfachwirt,65.0971858153,0.149732620321,1,0
Industriemeister,7.61356849122,0.928484107579,1,0
Vertriebsingenieur,34.1969853683,0.957555799488,1,0
Werkpolier,1.0979692033,0.900237529691,1,0
Glasveredler,22.984008166,0.74689193497,1,0
Schilder- und Lichtreklamehersteller,34.2415730337,0.820901902116,1,0
Änderungsschneider,84.4050647718,0.561904761905,1,0
Goldschläger,60.9995903318,0.997067926372,1,0
Pförtner,31.0871031175,0.952755905512,1,0
Produktveredler Textil,20.9806780897,0.483992467043,1,0
Schuhfertiger,37.8797535585,0.656957928803,1,0
Tiefbaufacharbeiter,2.56153858974,0.911748603964,1,0
Kriminologe,48.3720930233,0.525809273841,1,0
Bohrwerkdreher,2.73770282356,0.933701657459,1,0
Musikverleger,32.6357466063,0.962504986039,1,0
Chemiker,14.1397849462,0.855050694705,1,0
Wirtschaftsprüfer,38.28113879,0.951365956169,1,0
Wasserbauer,6.43323607058,0.967213114754,1,0
Kürschner,65.6862745098,0.977822214143,1,0
Gefahrgutbeauftragter,13.8408304498,0.0600112170499,1,0
Schneidwerkzeugmechaniker,3.10172465159,0.987413050679,1,0
Diener,93.6919095072,0.909610131612,1,0
Skipper,4.49203447375,0.998066595754,1,0
Schornsteinfeger,8.08986148295,0.984126984127,1,0
Industriekeramiker Dekorationstechnik,75.4844144903,0.529411764706,1,0
Psychologe,77.9567882775,0.469456066946,1,0
Seegüterkontrolleur,14.3576367827,0.89400921659,1,0
Dramaturg,51.4743851067,0.853379879403,1,0
Fahrradmonteur,4.72055030095,0.923484046575,1,0
Chefpilot,6.46539170954,0.984390035283,1,0
Souffleur,60.3174603175,0.713870733479,1,0
Tätowierer,41.125,0.899518238128,1,0
Sportlehrer,44.6119065561,0.535181236674,1,0
Fluggerätmechaniker,7.47075732134,0.930424291172,1,0
Elektromechanikermeister,1.19304480264,0.986230636833,1,0
Host,58.3260838046,0.87717553456,1,0
Heilgehilfe,84.9596721778,0.796875,1,0
Brückenwärter,7.47126436782,0.94624652456,1,0
Färber,43.0767459267,0.970854988281,1,0
Facharbeiter für Nachrichtentechnik,11.4381605553,0.955128205128,1,0
Fotomedienfachmann,39.4658181468,0.388684790595,1,0
Honorarprofessor,42.812488391,0.834666666667,1,0
Schirmmacher,54.8604292327,0.921487603306,1,0
Gürtler,14.0532544379,0.99887832727,1,0
Kartograf,47.4680548982,0.937673557544,1,0
Fachlagerist,24.9768310941,0.871091871092,1,0
Intendant,40.1872883044,0.847076461769,1,0
Chemigraf,44.0740740741,0.949748743719,1,0
Industriemechaniker,13.3411949814,0.928468850441,1,0
Calculator,35.7425929421,0.999608198597,1,0
Industrietechnologe,11.4381605553,0.78100863244,1,0
Metall- und Glockengießer,4.20514511873,0.877767936227,1,0
Physikalisch-technischer Assistent,32.4723846654,0.530593607306,1,0
Klassenlehrer,70.4238331399,0.0691244239631,1,0
Feintäschner,48.3291210334,0.896907216495,1,0
Energieelektroniker,4.9236883504,0.946096223647,1,0
Rentenberater,44.3380220021,0.838407494145,1,0
Nachtportier,79.2351889413,0.995518087717,1,0
Kernmacher,4.20514511873,0.940357852883,1,0
Zahlmeister,31.3624678663,0.965475987011,1,0
Arzt,90.9643696925,0.758909853249,1,0
Stuntman,41.5165165165,0.892034464568,1,0
Maschinenbautechniker,13.3411949814,0.952965235174,1,0
Flugdienstberater,30.8085212408,0.945337620579,1,0
Zahntechniker,60.2778057373,0.806451612903,1,0
Inspektor,16.2258392675,0.985070760826,1,0
Gewässerschutzbeauftragter,26.1261261261,0.136929460581,1,0
Filmregisseur,50.9119332986,0.878619994963,1,0
Biologielaborant,73.2942168505,0.554677206851,1,0
Systemprogrammierer,12.3967931919,0.888553390063,1,0
Geprüfter Technischer Betriebswirt,62.1600224791,0.902993734045,1,0
Servicefahrer,10.9479201806,0.812104572042,1,0
Online-Redakteur,50.5608415413,0.491338582677,1,0
Tierarzt,72.8797953964,0.728571428571,1,0
Produktprüfer Textil,34.0723731095,0.456869009585,1,0
Zootechniker,43.2111947848,0.600377002828,1,0
Feinpolierer,6.28800778399,0.829694323144,1,0
Schauspieler,44.0665569574,0.287179487179,1,0
Verlagskaufmann,65.0971858153,0.261663286004,1,0
Verkaufsgärtner,40.2721885991,0.797413793103,1,0
Mönchtum,62.5711035267,-0.6,1,0
Fachberater für Finanzdienstleistungen,44.3380220021,0.766233766234,1,0
Pantomime,41.5165165165,0.996959800855,1,0
Masseur und medizinischer Bademeister,77.4982405505,0.542954490144,1,0
Leichtflugzeugbauer,7.47075732134,0.744877726371,1,0
Asphaltbauer,0.983744394619,0.813796430294,1,0
Systemelektroniker,11.4381605553,0.907894736842,1,0
Korrektor,76.9957343083,0.933139534884,1,0
Biologiemodellmacher,10.0019805902,0.803499327052,1,0
Systeminformatiker,11.4381605553,0.830269847478,1,0
Gestaltungs- und medientechnischer Assistent,57.881773399,0.28813559322,1,0
Feinoptiker,42.1704511943,0.650902837489,1,0
Elektroniker,25.5998730188,0.934855233853,1,0
Messebau,2.72014753343,0.993123142374,1,0
Haus- und Familienpfleger,81.0310203384,0.572212065814,1,0
Fremdenführer,58.0346820809,0.675698207586,1,0
Medizinphysiker,13.6886395512,0.792580557812,1,0
Fahrzeuginnenausstatter,44.4552466135,0.846607669617,1,0
Raumausstatter,40.0455860437,0.972842964136,1,0
Euro-Fremdsprachenkorrespondent,89.5453170683,0.543859649123,1,0
Medizinischer Dokumentar,85.1895119418,0.162051747617,1,0
Zauberer,19.2592592593,0.812895501967,1,0
Medientechnologe Druck,22.5987478195,0.730860675226,1,0
Fahrbahnmarkierer,2.21180663155,0.966386554622,1,0
Denkmaltechnischer Assistent,13.1957960296,0.55223880597,1,0
Theologe,30.0088759784,0.626585045912,1,0
Gerichtsvollzieher,27.2030651341,0.867293849334,1,0
Dozent,51.7249764431,0.418952618454,1,0
Drahtwarenmacher,12.937104197,0.856741573034,1,0
Geigenbauer,29.8076923077,0.901108269395,1,0
Prorektor,29.7738693467,0.891945906335,1,0
Kellner,65.2648305355,0.714708056171,1,0
Lotse,6.25990491284,0.940322843633,1,0
Werkstoffprüfer,19.3917391602,0.840490797546,1,0
Versicherungsvertreter,53.568518232,0.969456564855,1,0
Gastwirt,46.9442078365,0.831166062673,1,0
Präparator,51.5706806283,0.827888878834,1,0
Schwesternhelferin,84.9596721778,-0.252204585538,1,1
Gärtner,21.8356761854,0.701466781708,1,0
Mechaniker,13.3411949814,0.958006470302,1,0
Kettenschmied,60.9995903318,0.857142857143,1,0
Orthopädietechnik-Mechaniker,29.4536817102,0.830282861897,1,0
Richter,38.4615384615,0.956745623069,1,0
Spezialtiefbauer,2.56153858974,0.899012074643,1,0
Schiffsbetriebsoffizier,4.49203447375,0.953125,1,0
Glasschneider,22.984008166,0.999666722213,1,0
Betriebsführer,25.9924816691,0.800590691516,1,0
Schausteller,18.8318693173,0.96671709531,1,0
Kesselwärter,12.501779731,0.978021978022,1,0
Betonfertigteilbauer,1.71388101983,0.934168365861,1,0
Baustoffprüfer,23.0246602919,0.789598108747,1,0
Physikingenieur,32.4723846654,0.891045710708,1,0
Betriebsingenieur,15.718731148,0.963275204989,1,0
Tonmeister,26.5236833389,0.943141043334,1,0
Sicherheitsbeauftragter,13.1710869017,0.184668989547,1,0
Chemielaborjungwerker,59.1680426246,0.839388145315,1,0
Wildhüter,9.27835051546,0.979797979798,1,0
Conférencier,48.0295566502,0.999446519994,1,0
Kinder- und Jugendlichenpsychotherapeut,78.1458251666,0.058495821727,1,0
Bootsbauer,1.21315420092,0.951672862454,1,0
Leuchtröhrenglasbläser,26.8707482993,0.813780260708,1,0
Kanalbauer,0.544182430682,0.910369643441,1,0
Kopierfräser,2.73770282356,0.999264976112,1,0
Künstlerischer Leiter,40.1872883044,0.583333333333,1,0
Tapezierer,5.53319493285,0.971710244321,1,0
Täschner,48.3291210334,0.95572456879,1,0
Ethnologe,64.6258503401,0.186046511628,1,0
Straßenbauer,0.528109028961,0.964346841509,1,0
Fernmeldehandwerker,11.4381605553,0.959183673469,1,0
Kunsthistoriker,67.3256247669,0.338867924528,1,0
Maschinen- und Anlagenführer,12.501779731,0.94217751629,1,0
Tierwirt,43.2111947848,0.814977973568,1,0
Gartenbaufachwerker,21.8356761854,0.894230769231,1,0
Fertigungsmechaniker,21.0325537037,0.885121752301,1,0
Komiker,54.5454545455,0.74875484228,1,0
Edelsteinfasser,60.9995903318,0.797752808989,1,0
Orchesterwart,12.5905136121,0.978947368421,1,0
Schleifer,6.28800778399,0.997238142634,1,0
Steuermann,4.49203447375,0.804043545879,1,0
Bestatter,26.2594161959,0.933344573709,1,0
Rettungsschwimmer,39.2836746349,0.912547035163,1,0
Werkschutz,14.3865948534,0.89898989899,1,0
Saaldiener,58.3260838046,0.935483870968,1,0
Fachwirt,59.7982510844,0.69933396765,1,0
Schifffahrtskaufmann,42.1270978691,0.458733205374,1,0
Desinfektor,13.1873479319,0.87375249501,1,0
Professor,42.812488391,0.991310644461,1,0
Datentypist,79.4443583916,0.309352517986,1,0
Finanzmakler,44.3380220021,0.928205128205,1,0
Bundeskanzler,18.1568088033,-0.408695652174,1,0
Handschuhmacher,48.3291210334,0.892573900505,1,0
Handwerksmeister,7.61356849122,0.965373905323,1,0
Datenverarbeitungskaufmann,25.5314765985,0.601884570082,1,0
Einrichtungsberater,56.4822153968,0.546275395034,1,0
Rauchwarenzurichter,65.6862745098,0.582089552239,1,0
Werkzeugmacher,3.10172465159,0.963692150345,1,0
Bühnenmaler,70.9736680955,0.667645331767,1,0
Klavier- und Cembalobauer,16.3310961969,0.885207652823,1,0
Energieberater,41.0920869968,0.92918747163,1,0
Pyrotechniker,5.76271186441,0.962833914053,1,0
Textilreiniger,83.7570295047,0.928311113161,1,0
Wirtschaftsfachwirt,62.1600224791,0.701308698999,1,0
Werbeleiter,39.301264773,0.670212765957,1,0
Former,4.20514511873,0.999520714136,1,0
Sparkassenkaufmann,59.7982510844,0.421947449768,1,0
Regieassistent,50.9119332986,0.313131313131,1,0
Mitarbeiter,34.1969853683,0.879263740507,1,0
Facharbeiter für Fertigungsmittel,3.10172465159,0.803278688525,1,0
Film- und Videoeditor,26.5236833389,0.686316541622,1,0
Redenschreiber,47.7832512315,0.903157060019,1,0
Weber,34.0723731095,0.997878964113,1,0
Pastoralreferent,30.0088759784,0.25,1,0
Astrophysiker,13.6886395512,0.824981301421,1,0
Dekorvorlagenhersteller,50.1462693284,0.669341894061,1,0
Biersieder,3.84404173531,0.965635738832,1,0
Veranstaltungskaufmann,58.3260838046,0.146529562982,1,0
Social-Media-Manager,54.6682417799,0.980972240323,1,0
Technischer Assistent,39.2857142857,0.0280777537797,1,0
Account-Manager,43.2484932485,0.995389441064,1,0
Mediaberater,54.6682417799,0.819945673263,1,0
Fallmanager,66.3964145433,0.543062200957,1,0
Anwendungsprogrammierer,13.505193109,0.848124428179,1,0
Literaturagent,60.5296610169,0.255172413793,1,0
Anlagenelektriker,3.41477678862,0.809034907598,1,0
"Wärme-, Kälte- und Schallschutzisolierer",1.2101210121,0.923489452985,1,0
Haustechniker,6.86331637035,0.945583302274,1,0
IT-Berater,19.8526233052,0.93930938263,1,0
Tonassistent,26.5236833389,0.830161054173,1,0
Landmaschinenmechaniker,0.488489461042,0.964383153926,1,0
Industriekeramiker Verfahrenstechnik,25.5032397408,0.60625,1,0
Bauwerksmechaniker für Abbruch und Betontrenntechnik,1.2849391531,0.43661971831,1,0
Schweißer,26.7465962203,0.965647102048,1,0
Tontechniker,26.5236833389,0.912536443149,1,0
Wissenschaftlicher Mitarbeiter,42.812488391,0.229813664596,1,0
Gebäudereiniger,61.5522574535,0.93583918491,1,0
Notar,48.031496063,0.984729465091,1,0
Schmied,2.2858399983,0.984790464376,1,0
Fluglehrer,5.5737704918,0.922978831931,1,0
Schriftgießer,4.20514511873,0.969407265774,1,0
Kapitän,4.49203447375,0.96463654224,1,0
Rettungssanitäter,21.3708058503,0.878928987194,1,0
Tiefbauingenieur,2.56153858974,0.861252115059,1,0
Naturwerksteinmechaniker,4.23446184942,0.865745310958,1,0
Geograph,42.5909494232,0.977785233714,1,0
Klebfachingenieur,20.1141507577,0.91884057971,1,0
Elektromechaniker,25.5998730188,0.972549831023,1,0
Laborant,59.1680426246,0.69133192389,1,0
Jurist,57.9327818764,0.852331606218,1,0
Metallschleifer,6.28800778399,0.932952924394,1,0
Holz- und Bautenschützer,1.22249388753,0.902813299233,1,0
Kommunikationselektroniker,11.4381605553,0.936376210235,1,0
Staatsanwalt,75.0484007466,0.722912966252,1,0
Elektroanlagenmonteur,3.41477678862,0.895762586741,1,0
Textillaborant,59.1680426246,0.699650756694,1,0
Installateur,3.41477678862,0.9983847253,1,0
Ballettrepetitor,35.5086372361,0.88623853211,1,0
Umweltgutachter,41.0920869968,0.900943396226,1,0
Bühnenmeister,19.2571659265,0.91473448018,1,0
Maschinenbauingenieur,9.54682779456,0.923859343214,1,0
Treuhänder,38.28113879,0.836717499368,1,0
Verkehrsplaner,26.3961430293,0.93692575118,1,0
Wachleiter,14.3865948534,0.961206896552,1,0
IT-Systemkaufmann,21.9930782724,0.805186849091,1,0
Förderlehrer,76.2119908204,0.181166837257,1,0
Automobil-Mechatroniker,3.97341840672,0.968549796156,1,0
Fahrzeuglackierer,6.22029488291,0.920438957476,1,0
Fassadenmonteur,1.2849391531,0.816246896062,1,0
Rechtsanwalt,46.2251399884,0.625492302184,1,0
Karosserie- und Fahrzeugbaumechaniker,3.97341840672,0.894353369763,1,0
Beleuchtungsmeister,19.2571659265,0.912126537786,1,0
Versicherungsfachmann,53.568518232,0.610134859011,1,0
Psychologischer Psychotherapeut,78.1458251666,0.0561797752809,1,0
Fluggerätelektroniker,4.35011032889,0.917510853835,1,0
Holzfäller,5.09963399756,0.989187144366,1,0
Soldat,43.2896890344,0.974652640649,1,0
Fördermaschinist,7.26492128967,0.943548387097,1,0
Datenschutzbeauftragter,57.9327818764,0.233532934132,1,0
Schiffsingenieur,3.8146208153,0.978021978022,1,0
Industrieelektroniker,4.9236883504,0.956879383496,1,0
Ausbilder,33.7182984156,0.792850595784,1,0
Elektromonteur,1.46126422781,0.981605351171,1,0
Personaldisponent,66.3964145433,0.337997376476,1,0
Schlafwagenschaffner,54.3373493976,0.920792079208,1,0
Juwelier,60.9995903318,0.998079623473,1,0
Volkswirt,45.1293759513,0.787974683544,1,0
Jäger,9.27835051546,0.959803185723,1,0
Diplom-Handelslehrer,63.6176386302,0.5682382134,1,0
Grafiker,48.9152458611,0.795407098121,1,0
Pflegedienstleitung,78.3566481054,0.0107066381156,1,0
Flugbegleiter,78.2033652524,0.320552147239,1,0
Kupferstecher,48.7741935484,0.975149265774,1,0
Schiffsmechaniker,6.19822907741,0.797752808989,1,0
Registrator,67.26062468,0.998288821641,1,0
Metallverformer,4.20514511873,0.97906755471,1,0
Nautischer Offiziersassistent,3.8146208153,0.814814814815,1,0
Sänger,48.1166205576,0.223367697595,1,0
Informatikkaufmann,25.5314765985,0.611971646101,1,0
Industrie-Isolierer,1.2101210121,0.865778200857,1,0
Schuhmacher,37.8797535585,0.992811501597,1,0
Mühlenbauer,3.68870499164,0.980198019802,1,0
Sprachmittler,69.8481848185,0.68112244898,1,0
Revierjäger,9.27835051546,0.867870722433,1,0
Brunnenbauer,0.531914893617,0.974795374821,1,0
Kunstkritiker,50.5608415413,0.718822979916,1,0
Toningenieur,26.5236833389,0.952489424016,1,0
Braumeister,4.35766836446,0.97635759143,1,0
Redakteur,50.5608415413,0.599518941672,1,0
Fachlehrer,63.6176386302,0.554347826087,1,0
Entwicklungshelfer,34.1637010676,0.762752792031,1,0
Dompteur,41.5165165165,0.645390070922,1,0
Steuerberater,76.2525479477,0.835820895522,1,0
Dirigent,27.8372591006,0.914453259745,1,0
Reporter,50.5608415413,0.9872502582,1,0
Vermessungstechniker,27.0417875979,0.737604212374,1,0
Filmgeschäftsführung,40.1872883044,0.536231884058,1,0
Weinküfer,12.1335504886,0.685695097381,1,0
Fotogravurzeichner,50.1462693284,0.619402985075,1,0
Immissionsschutzbeauftragter,26.1261261261,0.565778853914,1,0
Zimmerer,1.21315420092,0.961630991302,1,0
Abt,62.5711035267,0.986317527719,1,0
Chefredakteur,31.7397555715,0.622980251346,1,0
Pferdewirt,60.9494015234,0.394957983193,1,0
Hoteldiener,79.2351889413,0.944121071013,1,0
Beton- und Stahlbetonbauer,0.723795907426,0.928100510014,1,0
Justizfachwirt,93.3804860355,0.178947368421,1,0
Literat,47.7832512315,0.958140352934,1,0
Ewerführer,5.69221386461,0.940532081377,1,0
Chemikant,26.7838353922,0.838016528926,1,0
Kurator,67.3256247669,0.743709771796,1,0
Isolierfacharbeiter,1.2101210121,0.841726618705,1,0
Clown,54.5454545455,0.992776186325,1,0
Fachverkäufer im Lebensmittelhandwerk,72.0206153296,0.399317406143,1,0
Zimmerpolier,2.22108756702,0.965065502183,1,0
Modeschneider,84.4050647718,0.251655629139,1,0
Ausbaufacharbeiter,0.557103064067,0.913805697589,1,0
Rektor,29.7738693467,0.926798847361,1,0
Orientalist,53.3333333333,0.990648101108,1,0
Gesundheits- und Krankenpfleger,84.9596721778,0.495477386935,1,0
Liedermacher,48.1166205576,0.878855860909,1,0
Maler und Lackierer,5.53319493285,0.976098616731,1,0
Büchsenmacher,3.10172465159,0.980453227365,1,0
Goldschmied,60.9995903318,0.940503432494,1,0
Geprüfter Logistikmeister,10.4299504862,0.892498292849,1,0
Polizeivollzugsbeamter,52.8379772962,0.62494095418,1,0
Wassermeister,2.55758807588,0.976725649609,1,0
Biologisch-technischer Assistent,73.2942168505,0.20824742268,1,0
Physiker,16.2575709276,0.889858561541,1,0
Betonstahlbieger und -flechter,0.723795907426,1.0,1,0
Entwickler,12.2531548471,0.994959463152,1,0
Hundeführer,37.7005047672,0.85002895194,1,0
Klempner,1.24864495925,0.997392461817,1,0
Makler,39.2475851551,0.949072618673,1,0
Anlagenmechaniker,3.29425467804,0.954667863555,1,0
Bezirksamtsleiter,21.2482255121,0.71144278607,1,0
Mechatroniker,6.22845803015,0.915820029028,1,0
Hilfspolizei,37.7005047672,0.810561609388,1,0
Steinbildhauer,38.6581469649,0.850311850312,1,0
Feinwerkmechaniker,14.6782915793,0.930708999249,1,0
Moderator (Beruf),48.0295566502,0.968157452596,1,0
Koch,52.9232533486,0.948092234516,1,0
Küper,14.3576367827,0.999142282189,1,0
Papiertechnologe,5.19575856444,0.744711195626,1,0
Astronom,13.6886395512,0.971198909308,1,0
Chemisch-Technischer Assistent,59.1680426246,0.413114754098,1,0
Berechnungsingenieur,12.2531548471,0.956908479937,1,0
Korrepetitor,35.5086372361,0.615894039735,1,0
Tierpfleger,46.9706787624,0.508313539192,1,0
Schleusenwärter,7.47126436782,0.883389261745,1,0
Veterinäringenieur,87.6854599407,0.638655462185,1,0
Kaufmannsgehilfe,71.6330078909,0.65611814346,1,0
Schriftdolmetscher,69.8481848185,0.628686327078,1,0
Poissonnier,37.0960187354,0.999964602396,1,0
Figurenkeramformer,16.735966736,0.653259361997,1,0
Straßenwärter,2.21180663155,0.808261886204,1,0
Kellermeister,4.35766836446,0.953559777394,1,0
Rotisseur,37.0960187354,0.99772985244,1,0
Webdesigner,48.9152458611,0.983589011773,1,0
Notfallsanitäter,21.3708058503,0.879576891782,1,0
Keramiker,25.7394587791,0.681034482759,1,0
Mathematiker,34.0704906704,0.911314984709,1,0
Arbeitserzieher,68.3097468018,0.77565849228,1,0
Schriftsteller,47.7832512315,0.659071729958,1,0
Gerüstbauer,0.170745589072,0.984011203828,1,0
Metallblasinstrumentenmacher,16.6666666667,0.927236971485,1,0
Pharmazeut,83.8102088662,0.533718689788,1,0
Ingenieur,7.47075732134,0.962784480636,1,0
Sachbearbeiter,62.1600224791,0.468549422336,1,0
Syndikus,46.2251399884,0.754985754986,1,0
Mathematisch-technischer Softwareentwickler,12.3967931919,0.81946403385,1,0
Bodenleger,0.557103064067,0.984723642269,1,0
Wirtschaftsassistent,79.0444149597,0.221445221445,1,0
Landarbeiter,21.5765899789,0.920255183413,1,0
Erzieher,91.0178488053,0.388942774006,1,0
Purser,78.2033652524,0.991985516217,1,0
Wächter,31.0871031175,0.957072840967,1,0
Automateneinrichter,4.12407074143,0.876606683805,1,0
Projektassistenz,11.4381605553,0.405940594059,1,0
Ofenbauer,1.59872102318,0.984379980873,1,0
Touristikassistent,82.1267850182,0.146376125059,1,0
Industriekeramiker Anlagentechnik,25.5032397408,0.623376623377,1,0
Werbetexter,54.6682417799,0.583333333333,1,0
Stallmeister,67.2918572736,0.969743121129,1,0
Formstecher,50.1462693284,0.999018485195,1,0
Projektleiter,25.9924816691,0.680705190989,1,0
Galvaniseur,12.6353874883,0.900610287707,1,0
Justiziar,57.9327818764,0.549783549784,1,0
Brauer und Mälzer,3.84404173531,0.826983792886,1,0
Mathematisch-Technischer Assistent,12.3967931919,0.258409785933,1,0
Orgelbauer,9.93690851735,0.98239514757,1,0
Verwaltungsbetriebswirt (HVSV),74.1246797609,0.303303303303,1,0
Produktgestalter Textil,84.0716305372,0.351778656126,1,0
Metallbildner,14.0532544379,0.892531260561,1,0
Rabbiner,30.0088759784,0.907028399175,1,0
Verkäufer,74.4604823678,0.891818428921,1,0
Ausbildungsberater,66.3964145433,0.732522796353,1,0
Detektiv,14.3413873733,0.952277657267,1,0
Feldwebel,43.2896890344,0.99863364188,1,0
Disponent,21.3708058503,0.818181818182,1,0
Steinhauer,5.44459089527,0.9,1,0
Hotelkaufmann,71.6330078909,0.250909090909,1,0
Elektroinstallateur,11.4381605553,0.98633736206,1,0
Ingenieurpädagoge,63.6176386302,0.0989010989011,1,0
Justizwachtmeister,33.389261745,0.72602739726,1,0
Kaufmann für Tourismus und Freizeit,82.1267850182,0.135225375626,1,0
Fotolaborant,57.881773399,0.281464530892,1,0
Versicherungsberater,53.568518232,0.923758865248,1,0
Glasbläser,27.8772378517,0.899340922708,1,0
Modist,84.4050647718,0.640278657378,1,0
Diakon,58.6139959235,0.813292354975,1,0
Investmentfondskaufmann,44.3380220021,0.804629266379,1,0
Verpackungsmittelmechaniker,17.5711352303,0.816431322208,1,0
Telefonist,79.4443583916,0.767337807606,1,0
Konstrukteur,12.2194707453,0.941326862244,1,0
Flexograf,44.0740740741,0.836094939543,1,0
Maskenbildner,90.6659674882,0.247524752475,1,0
Bootsmann,3.8146208153,0.964876773554,1,0
Pressefotograf,64.1671278362,0.886632825719,1,0
